,seq,id_code,rock_type,grain_size,rock_water_ratio,rpm,water_replacement,pressure_cooked,label_code,date,time,min,day,duration_min,TA_umol_kg,TA_after_replaced_umol_kg,sd_TA_percentage,TA_AWR_umol_kg,duration_day,ec_uS_cm,pH,temperature_c,pCO2_ppm,DSi_umol_l,Na_umol_l,NH4_umol_l,K_umol_l,Ca_umol_l,Mg_umol_l,F_umol_l,Cl_umol_l,NO2_umol_l,Br_umol_l,NO3_umol_l,PO43_umol_l,SO42_umol_l,ssa_m2_g,legend_day,cation_meq_l,anion_meq_l,CBE_percent
1,1,BF-13-50,basalt,fine,1 to 3,50,yes,no,miliq,17.01.22,0,0,0,0,0,,20.05,0,0,3.1,5.6,20.1,NA,0,0,0,0,0,0,0,0,0,0,0,0,0,10.577,Day 0,0,0,NA
2,2,BF-13-50,basalt,fine,1 to 3,50,yes,no,B 1-3 1,17.01.22,13:27,60,0.04,60,1992.65,,18.23,0,0.04,300.5,9.311,20.05,NA,184.87,2472.507,0,162.92,68.514,79.9825,9.358,206.951,3.528,0,19.955,0,254.1095,10.577,Day 0,2932.42,2727.775,3.61551147972817
3,3,BF-13-50,basalt,fine,1 to 3,50,yes,no,B 1-3 2,17.01.22,14:56,120,0.08,120,2434,,21.7,0,0.08,323,9.177,21.05,NA,198.653,2657.2615,0,176.052,65.634,96.8935,9.449,209.8455,5.891,0,19.779,0,256.2575,10.577,Day 0,3158.3685,3176.1395,-0.280542703553302
4,4,BF-13-50,basalt,fine,1 to 3,50,yes,no,B 1-3 3,17.01.22,16:30,180,0.13,180,2654.6,,24.34,0,0.13,341,9.047,19.55,NA,206.4355,2821.739,0,182.3975,96.777,114.47,8.736,209.7475,3.42,0,16.9605,0,260.419,10.577,Day 0,3426.6305,3402.146,0.358548855713765
5,5,BF-13-50,basalt,fine,1 to 3,50,yes,no,B 1-3 4,17.01.22,18:03,240,0.17,240,2960.9,,21.27,0,0.17,367,8.847,20.5,NA,210.597,3013.996,0,197.694,115.5485,147.998,9.136,216.116,6.321,0,18.7945,0,259.722,10.577,Day 0,3738.783,3715.2545,0.315647727825361
6,6,BF-13-50,basalt,fine,1 to 3,50,yes,no,B 1-3 5,18.01.22,12:00,1317,0.91,1440,4083.15,2808.55,20.07,4083.15,1,468.25,8.557,20.575,NA,238.127,3716.926,0,242.642,201.252,277.0655,8.111,231.248,4.891,0,12.567,0,283.3405,10.577,Day 1,4916.203,4893.646,0.229942377298559
7,7,BF-13-50,basalt,fine,1 to 3,50,yes,no,B 1-3 8,19.01.22,08:55,2458,1.71,2880,3705.25,2491,20.85,2357.8105,2,408.5,8.54,20.7,NA,236.4205,3116.9775,0,219.8535,217.2235,284.4805,7.848,164.895,0,0,15.6465,0,200.8955,10.577,Day 2,4340.239,4287.5825,0.610310493790351
8,8,BF-13-50,basalt,fine,1 to 3,50,yes,no,B 1-3 10,20.01.22,11:05,3922,2.72,4320,3495.3,2251.40,24.91,2272.5675,3,369.25,8.516,19.425,NA,231.212,2584.8315,0,189.9745,240.8075,316.929,6.553,106.9935,1.12,0,4.9895,0,149.9685,10.577,Day 3,3890.279,3907.22,-0.217261970793465
9,9,BF-13-50,basalt,fine,1 to 3,50,yes,no,B 1-3 12,21.01.22,08:13,5070,3.52,5760,3118.85,1921.10,19.6,1965.401,4,318.5,8.508,19.1,NA,222.5425,2080.5455,0,166.6405,264.315,317.712,6.149,83.7295,1.805,0,5.5145,0,103.6175,10.577,Day 4,3411.24,3415.329,-0.0598983178812005
10,10,BF-13-50,basalt,fine,1 to 3,50,yes,no,B 1-3 14,24.01.22,08:13,9350,6.49,10080,3191.7,,23.7,720.8265,7,322,8.535,18.4,NA,235.3025,1887.7415,0,159.9925,309.3175,378.6535,5.259,50.5245,0,0,4.3075,0,101.5435,10.577,Day 7,3423.676,3449.619,-0.37744633396354
11,11,BF-13-C-50,basalt,fine,1 to 3,50,yes,cooked,miliq,07.03.22,0,0,0,0,0,,21.23,0,0,1.5,6,18,NA,0,0,0,0,0,0,0,0,0,0,0,0,0,10.577,Day 0,0,0,NA
12,12,BF-13-C-50,basalt,fine,1 to 3,50,yes,cooked,Bf C 1-3 B/1,07.03.22,10:53,60,0.04,60,2377.4,,20.23,0,0.04,312,9.313,18.7,NA,276.646,2620.226,0,154.8035,55.386,39.4965,0,176.804,0,0,17.9685,0,236.7995,10.577,Day 0,2964.7945,3045.7715,-1.34724416968385
13,13,BF-13-C-50,basalt,fine,1 to 3,50,yes,cooked,Bf C 1-3 B/2,07.03.22,11:58,120,0.08,120,2555.4,,19.19,0,0.08,330,9.185,18.2,NA,280.804,2780.134667,0,157.451,66.892,45.976,0,180.83,0,0,20.47066667,0,244.565,10.577,Day 0,3163.321667,3245.83066667,-1.28736212488734
14,14,BF-13-C-50,basalt,fine,1 to 3,50,yes,cooked,Bf C 1-3 B/3,07.03.22,13:02,180,0.13,180,2721.5,,21.19,0,0.13,347,9.15,17.8,NA,282.252,2891.059,0,162.1513333,80.032,56.008,0,181.4036667,0,0,17.846,0,247.3786667,10.577,Day 0,3325.2903333,3415.5070001,-1.3383678864366
15,15,BF-13-C-50,basalt,fine,1 to 3,50,yes,cooked,Bf C 1-3 B/4,07.03.22,14:05,240,0.17,240,2884.8,,18.73,0,0.17,361,9.083,18.6,NA,283.654,3001.357333,0,168.9386667,91.71533333,67.74633333,0,183.8643333,0,0,19.86966667,0,249.4276667,10.577,Day 0,3489.21933302,3587.38933337,-1.38724641954915
16,16,BF-13-C-50,basalt,fine,1 to 3,50,yes,cooked,Bf C 1-3 B/5,08.03.22,09:40,1415,0.98,1440,4159.1,2824.60,20.52,4159.1,1,477,8.797,18.4,NA,317.35,3817.564333,0,222.1946667,198.791,179.696,0,203.1246667,0,0,19.859,0,280.022,10.577,Day 1,4796.7329997,4942.1276667,-1.49293302348626
17,17,BF-13-C-50,basalt,fine,1 to 3,50,yes,cooked,Bf C 1-3 B/8,09.03.22,09:10,2815,1.95,2880,3688,2483.90,22.35,2315.497,2,407,8.731,18.9,NA,312.372,3134.349667,0,195.9683333,202.676,189.585,0,138.5903333,0,0,14.53733333,0,199.555,10.577,Day 2,4114.8400003,4240.23766663,-1.50085578290113
18,18,BF-13-C-50,basalt,fine,1 to 3,50,yes,cooked,Bf C 1-3 B/10,10.03.22,09:30,4273,2.97,4320,3311.8,2140.00,23.65,2094.76,3,352,8.734,18.5,NA,298.076,2517.640333,0,170.739,222.6923333,207.5503333,0,91.24733333,0,0,2.577666667,0,136.969,10.577,Day 3,3548.8646662,3679.562999997,-1.80811567650041
19,19,BF-13-C-50,basalt,fine,1 to 3,50,yes,cooked,Bf C 1-3 B/12,11.03.22,09:17,5687,3.95,5760,2942.3,1814.50,24.23,1849.406,4,303,8.69,18.7,NA,298.779,1969.412667,0,144.3576667,248.932,225.585,0,57.80233333,0,0,8.485666667,0,98.90133333,10.577,Day 4,3062.8043337,3206.390666657,-2.29034721282116
20,20,BF-13-C-50,basalt,fine,1 to 3,50,yes,cooked,Bf C 1-3 B/14,14.03.22,09:17,9998,6.94,10080,3179.1,,24.11,736.047,7,320,8.632,19.3,NA,297.526,1867.702,0,144.7836667,328.3283333,299.1933333,0,44.726,0,0,8.157666667,0,94.56066667,10.577,Day 7,3267.5289999,3421.105000007,-2.29607420751585
21,21,BF-13-PC-50,basalt,fine,1 to 3,50,yes,pressure-cooked,miliq,07.02.22,0,0,0,0,0,,23.08,0,0,2,6,20.1,NA,0,0,0,0,0,0,0,0,0,0,0,0,0,10.577,Day 0,0,0,NA
22,22,BF-13-PC-50,basalt,fine,1 to 3,50,yes,pressure-cooked,Bf PC 1-3 1,07.02.22,14:30,60,0.04,60,1906.6,,20.96,0,0.04,291.5,9.542,20.2,NA,296.4395,2382.020875,0,115.951,30.08775,0,43.196625,188.196625,3.4055,0,4.602,0,286.1325,10.577,Day 0,2558.147375,2671.663625,-2.17056123060662
23,23,BF-13-PC-50,basalt,fine,1 to 3,50,yes,pressure-cooked,Bf PC 1-3 2,07.02.22,16:00,120,0.08,120,2050.05,,25.37,0,0.08,302.5,9.558,20.9,NA,298.296,2531.9805,0,124.1375,33.4245,0.48525,43.55375,192.036625,2.77425,0,0,0,286.993125,10.577,Day 0,2723.9375,2816.072875,-1.6630902970105
24,24,BF-13-PC-50,basalt,fine,1 to 3,50,yes,pressure-cooked,Bf PC 1-3 3,07.02.22,18:10,180,0.13,180,2306.5,,21.4,0,0.13,320,9.362,21.9,NA,303.3635,2740.327375,0,138.591625,43.693875,0.41575,43.732125,198.176,1.362125,0,0,0,293.5795,10.577,Day 0,2967.13825,3091.835,-2.0580508421951
25,25,BF-13-PC-50,basalt,fine,1 to 3,50,yes,pressure-cooked,Bf PC 1-3 4,08.02.22,12:40,1290,0.9,1440,3887.95,2718.7,19.36,3887.95,1,462,8.785,20.8,NA,316.6385,3944.978875,0,217.762375,149.70675,16.006125,41.206,214.577125,1.396125,0,0,0,316.694375,10.577,Day 1,4494.167,4735.915875,-2.61914089260006
26,26,BF-13-PC-50,basalt,fine,1 to 3,50,yes,pressure-cooked,Bf PC 1-3 6,09.02.22,09:35,2530,1.76,2880,3550.3,2456.0,24.88,2267.2765,2,400.5,8.722,20.5,NA,303.279,3343.193,0,199.046125,171.38875,24.806125,39.4405,150.061625,2.85075,0,0,0,215.699875,10.577,Day 2,3934.628875,4131.761375,-2.44387506542967
27,27,BF-13-PC-50,basalt,fine,1 to 3,50,yes,pressure-cooked,Bf PC 1-3 8,10.02.22,08:35,3893,2.7,4320,3167.1,2103.5,24.71,1995.501,3,342.5,8.652,20.3,NA,288.2745,2779.67125,0,182.9095,192.556625,29.713375,32.716875,102.938,0,0,0,0,154.923125,10.577,Day 3,3407.12075,3579.88425,-2.47264028006277
28,28,BF-13-PC-50,basalt,fine,1 to 3,50,yes,pressure-cooked,Bf PC 1-3 10,11.02.22,10:43,5446,3.78,5760,2904.8,1822.8,20.81,1859.657,4,304.5,8.592,20.7,NA,273.6995,2301.004,0,169.776375,243.11225,47.603125,37.339875,81.625,0,0,0,0,98.393875,10.577,Day 4,3052.211125,3183.21275,-2.10092573698529
29,29,BF-13-PC-50,basalt,fine,1 to 3,50,yes,pressure-cooked,Bf PC 1-3 12,14.02.22,09:05,9659,6.71,10080,2981.75,,25.65,674.389,7,306.5,8.634,20.4,NA,285.966,2186.26975,0,166.82025,303.9195,66.961875,37.37225,62.459875,0,0,0,0,101.2335,10.577,Day 7,3094.85275,3246.676875,-2.39412466672818
30,30,BC-12-50,basalt,coarse,1 to 2,50,yes,no,miliq,02.05.22,0,0,0,0,0,,18.03,0,0,2,6,20.1,NA,0,0,0,0,0,0,0,0,0,0,0,0,0,6.972,Day 0,0,0,NA
31,31,BC-12-50,basalt,coarse,1 to 2,50,yes,no,Bg 1-2 A/1,02.05.22,11:49,60,0.04,60,913.48,,21.07,0,0.04,124.6,9.124,22.1,NA,166.045,158.122,0,88.204,161.048,234.355,2.011,4.18,1.569,0,6.798,0,112.637,6.972,Day 0,1037.132,1149.732,-5.1489255847643
32,32,BC-12-50,basalt,coarse,1 to 2,50,yes,no,Bg 1-2 A/2,02.05.22,12:52,120,0.08,120,1221.67,,24.28,0,0.08,149.5,9.199,22.5,NA,205.39,217.69,0,104.951,205.68,305.777,3.174,5.525,0,0,5.263,0,121.776,6.972,Day 0,1345.555,1476.01,-4.6234979523775
33,33,BC-12-50,basalt,coarse,1 to 2,50,yes,no,Bg 1-2 A/3,02.05.22,13:54,180,0.13,180,1495.2,,18.08,0,0.13,175.8,9.204,22.1,NA,231.214,268.074,0,122.001,250.574,369.127,4.833,5.606,1.371,0,6.358,0,129.688,6.972,Day 0,1629.477,1766.54,-4.03599275268644
34,34,BC-12-50,basalt,coarse,1 to 2,50,yes,no,Bg 1-2 A/4,02.05.22,14:56,240,0.17,240,1761.1,,23.71,0,0.17,199.5,9.21,21.8,NA,244.503,350.252,0,134.474,288.757,430.91,4.512,7.248,1.364,0,6.716,0,135.554,6.972,Day 0,1924.06,2046.172,-3.07568927961893
35,35,BC-12-50,basalt,coarse,1 to 2,50,yes,no,Bg 1-2 A/5,03.05.22,09:30,1354,0.94,1440,3574.48,2473.3,23.91,3574.48,1,376,8.834,21.4,NA,304.868,1169.729,0,260.761,422.372,836.029,14.455,18.938,0,0,4.247,0,210.366,6.972,Day 1,3947.292,4018.397,-0.892640925348705
36,36,BC-12-50,basalt,coarse,1 to 2,50,yes,no,Bg 1-2 A/8,04.05.22,09:34,2781,1.93,2880,4420.93,2870.5,19.09,3241.3516,2,436,9.052,22.1,NA,312.32,1623.578,0,310.38,430.939,996.328,14.986,24.322,2.105,0,8.047,0,193.69,6.972,Day 2,4788.492,4840.679,-0.541967735332563
37,37,BC-12-50,basalt,coarse,1 to 2,50,yes,no,Bg 1-2 A/10,05.05.22,09:30,4196,2.91,4320,5202.42,3152.1,17.39,3743.5131,3,490,9.038,20.4,NA,299.104,1995.809,0,372.131,454.416,1303.73,17.373,24.501,1.214,0,5.767,0,133.318,6.972,Day 3,5884.232,5499.324,3.3812632889055
38,38,BC-12-50,basalt,coarse,1 to 2,50,yes,no,Bg 1-2 A/12,06.05.22,10:40,5680,3.94,5760,5695.74,3121.5,20.16,3978.9414,4,528,8.992,22.5,NA,315.491,1996.279,0,371.871,454.014,1303.086,17.363,24.388,0,0,5.985,0,133.421,6.972,Day 4,5882.35,5992.955,-0.931386604386157
39,39,BC-12-50,basalt,coarse,1 to 2,50,yes,no,Bg 1-2 A/14,09.05.22,09:41,9913,6.88,10080,7938.53,,17.68,2019.6453,7,729,9.163,23.3,NA,323.937,3928.961,0,518.191,375.502,1625.468,30.905,59.129,1.716,0,9.365,0,261.797,6.972,Day 7,8449.092,8530.618,-0.480137764425893
40,40,BC-13-50,basalt,coarse,1 to 3,50,yes,no,Bg 1-3,14.03.22,09:22,0,0,0,0,,21.62,0,0,1.3,6.11,18,NA,0,0,0,0,0,0,0,0,0,0,0,0,0,6.972,Day 0,0,0,NA
41,41,BC-13-50,basalt,coarse,1 to 3,50,yes,no,Bg 1-3 1,14.03.22,13:32,60,0.04,60,799.9,,24.29,0,0.04,95.3,7.711,18.5,NA,104.1,167.3,0,66.8,153.5,226.4,39.9,15.4,0,0,0.2,0,57.9,6.972,Day 0,993.9,931.3,3.25161022231457
42,42,BC-13-50,basalt,coarse,1 to 3,50,yes,no,Bg 1-3 2,14.03.22,14:38,120,0.08,120,1248.9,,23.74,0,0.08,111.5,9.125,18.8,NA,139.4,215.1,0,85.9,207.6,310.5,41.3,19.5,0,0,0.4,0,72,6.972,Day 0,1337.2,1412.8,-2.74909090909091
43,43,BC-13-50,basalt,coarse,1 to 3,50,yes,no,Bg 1-3 3,14.03.22,15:44,180,0.13,180,1475.3,,24.84,0,0.13,133.3,9.101,18.8,NA,164.6,255.9,0,98,254.9,382.9,41.4,17,0,0,0,0,82.1,6.972,Day 0,1629.5,1656.5,-0.821667681071218
44,44,BC-13-50,basalt,coarse,1 to 3,50,yes,no,Bg 1-3 4,14.03.22,16:52,240,0.17,240,1720.6,,25.51,0,0.17,153.4,8.984,18.6,NA,178.6,291.1,0,106.4,302.8,465.6,54.8,20.4,0,0,0,0,87.4,6.972,Day 0,1934.3,1915.8,0.480506999818192
45,45,BC-13-50,basalt,coarse,1 to 3,50,yes,no,Bg 1-3 5,15.03.22,09:14,1222,0.85,1440,3776.9,2521.8,21.61,3776.9,1,258.6,8.942,19.4,NA,270.2,693.8,0,193.4,568,1011,60.7,24.9,0,0,2.1,0,96.6,6.972,Day 1,4045.2,3997.1,0.598087611752856
46,46,BC-13-50,basalt,coarse,1 to 3,50,yes,no,Bg 1-3 8,16.03.22,10:30,2722,1.89,2880,4683.1,2912.6,19.6,3436.723,2,340,8.89,19.4,NA,287.5,917.3,0,232.1,610.3,1227.3,63.4,27.1,5.7,0,1.5,0,93.6,6.972,Day 2,4824.6,4898.9,-0.76412814315833
47,47,BC-13-50,basalt,coarse,1 to 3,50,yes,no,Bg 1-3 10,17.03.22,09:06,4058,2.82,4320,4869.5,3010.5,24.68,3324.077,3,432.5,8.9,19,NA,283.9,960.9,0,240.6,611.8,1275.9,65,27.1,9.7,0,0,0,83.1,6.972,Day 3,4976.9,5062.8,-0.855603255077348
48,48,BC-13-50,basalt,coarse,1 to 3,50,yes,no,Bg 1-3 12,18.03.22,09:01,5477,3.8,5760,5429.6,3065.0,17.95,3822.665,4,450,8.929,19,NA,277.4,985.6,0,238.8,650.1,1381.8,65.3,32.6,0,0,0.6,0,65.5,6.972,Day 4,5288.2,5593.8,-2.80830729645286
49,49,BC-13-50,basalt,coarse,1 to 3,50,yes,no,Bg 1-3 14,21.03.22,09:09,9791,6.8,10080,6680.2,,19.46,1629.477,7,525.5,8.981,18.5,NA,287.7,1786.8,0,326.5,563.4,1796.7,74.1,36.2,6,0,0,0,152.6,6.972,Day 7,6833.5,7021.6,-1.35762282480818
50,50,BC-15-50,basalt,coarse,1 to 5,50,yes,no,Bg 1-5 A,25.04.22,10:08,0,0,0,0,,20.9,0,0,3.1,6.11,18.2,NA,0,0,0,0,0,0,0,0,0,0,0,0,0,6.972,Day 0,0,0,NA
51,51,BC-15-50,basalt,coarse,1 to 5,50,yes,no,Bg 1-5 A/1,25.04.22,11:09,60,0.04,60,738.1,,22.49,0,0.04,81.9,8.854,20.3,NA,66.8,0,0,52.6,125.9,167.7,0,1.7,0,0,7,0,42.7,6.972,Day 0,639.8,832.2,-13.070652173913
52,52,BC-15-50,basalt,coarse,1 to 5,50,yes,no,Bg 1-5 A/2,25.04.22,12:14,120,0.08,120,1056.1,,18.75,0,0.08,108.3,8.733,19.3,NA,91.6,200.2,0,65.3,181.9,245.2,1,1.7,0,0,6.6,0,43.5,6.972,Day 0,1119.7,1151.4,-1.39579939236493
53,53,BC-15-50,basalt,coarse,1 to 5,50,yes,no,Bg 1-5 A/3,25.04.22,13:17,180,0.13,180,1296.6,,23.25,0,0.13,134.1,8.498,20.7,NA,111.4,178.3,0,72.9,229.5,315.2,1.6,2.9,0,0,12.9,0,46.4,6.972,Day 0,1340.6,1405.2,-2.35268409935173
54,54,BC-15-50,basalt,coarse,1 to 5,50,yes,no,Bg 1-5 A/4,25.04.22,14:18,240,0.17,240,1504.5,,20.44,0,0.17,153.6,8.346,21.2,NA,125.8,179.6,0,80,267.9,374.1,1.6,2.4,0,0,6.8,0,48.6,6.972,Day 0,1543.6,1610.9,-2.13346013631321
55,55,BC-15-50,basalt,coarse,1 to 5,50,yes,no,Bg 1-5 A/5,26.04.22,09:27,1371,0.95,1440,3412.8,2220.8,18.28,3412.8,1,321,8.599,21.2,NA,253.6,360.7,0,152.9,558.8,886.2,4.2,4.8,0,0,9.2,0,71.4,6.972,Day 1,3403.6,3569.6,-2.38054264899903
56,56,BC-15-50,basalt,coarse,1 to 5,50,yes,no,Bg 1-5 A/8,27.04.22,09:27,2796,1.94,2880,3941.7,2321.4,25.91,2815.476,2,350,8.627,21.9,NA,271.4,451.7,0,165.5,583.2,987.7,6,6.1,0,0,5.4,0,73.1,6.972,Day 2,3759,4099.4,-4.33167056907257
57,57,BC-15-50,basalt,coarse,1 to 5,50,yes,no,Bg 1-5 A/10,28.04.22,09:13,4209,2.92,4320,3878.8,2263.7,20.51,2578.039,3,354,8.679,22.3,NA,277.9,471.4,0,170.4,573.1,1026.4,6.8,6.2,1.5,0,6.5,0,48.9,6.972,Day 3,3840.8,3989.3,-1.8965275028416
58,58,BC-15-50,basalt,coarse,1 to 5,50,yes,no,Bg 1-5 A/12,29.04.22,09:41,5662,3.93,5760,4005.3,2098.0,23.17,2725.296,4,361,9.025,21.1,NA,264.5,488.8,0,163.8,592.4,1041,6.5,7.2,1.9,0,7.2,0,41.2,6.972,Day 4,3919.4,4102.1,-2.27762887240542
59,59,BC-15-50,basalt,coarse,1 to 5,50,yes,no,Bg 1-5 A/14,02.05.22,09:16,9938,6.9,10080,5223.4,,16.57,1300.550,7,470,8.778,22.3,NA,298.2,965.3,0,232.5,614.5,1402.3,12.5,12.3,1.8,0,7.2,0,90.2,6.972,Day 7,5231.4,5423.3,-1.80108309009169
60,60,BC-15-PC-50,basalt,coarse,1 to 5,50,yes,pressure-cooked,BgPC 1-3 C,14.03.22,09:22,0,0,0,0,,25.22,0,0,1.3,6.11,18,NA,0,0,0,0,0,0,0,0,0,0,0,0,0,6.972,Day 0,0,0,NA
61,61,BC-15-PC-50,basalt,coarse,1 to 5,50,yes,pressure-cooked,BgPC 1-3 C/1,14.03.22,13:32,0,0.04,60,746.8,,19.64,0,0.04,91.7,9.127,18.6,NA,172,309.3,0,100.9,185.9,103.6,78,31.1,5.8,0,0,0,61.6,6.972,Day 0,989.2,901.1,4.66063587790299
62,62,BC-15-PC-50,basalt,coarse,1 to 5,50,yes,pressure-cooked,BgPC 1-3 C/2,14.03.22,14:38,0,0.08,120,1127.9,,21.22,0,0.08,121.9,9.061,18.7,NA,208.8,389.9,0,132.5,252,171.9,79.1,31.4,11.6,0,0,0,69.8,6.972,Day 0,1370.2,1298.9,2.67131242740999
63,63,BC-15-PC-50,basalt,coarse,1 to 5,50,yes,pressure-cooked,BgPC 1-3 C/3,14.03.22,15:44,0,0.13,180,1334.1,,22.36,0,0.13,148.1,9.041,18.8,NA,233.5,451.7,0,140.1,303,217.4,79.7,30.5,17.8,0,0,0,69.9,6.972,Day 0,1632.6,1504.4,4.0867070449474
64,64,BC-15-PC-50,basalt,coarse,1 to 5,50,yes,pressure-cooked,BgPC 1-3 C/4,14.03.22,16:52,0,0.17,240,1622,,23.86,0,0.17,173.4,8.96,18.6,NA,243.1,505,0,153.2,357.7,270.5,80.3,31,18.2,0,0,0,72.8,6.972,Day 0,1914.6,1798.6,3.12399008941075
65,65,BC-15-PC-50,basalt,coarse,1 to 5,50,yes,pressure-cooked,BgPC 1-3 C/5,15.03.22,09:14,0,0.85,1440,3480.1,2322.5,18.32,3480.1,1,342,8.858,19.7,NA,299.2,1036,0,253.1,610.6,669.8,86.7,36,17.1,0,0,0,102.5,6.972,Day 1,3849.9,3721.1,1.70122837141725
66,66,BC-15-PC-50,basalt,coarse,1 to 5,50,yes,pressure-cooked,BgPC 1-3 C/8,16.03.22,10:30,0,1.89,2880,4267.8,2693.4,22.26,3119.367,2,408,8.858,19.3,NA,301.8,1252,0,285.4,636.3,595.7,90.3,37.8,12.3,0,0,0,102.9,6.972,Day 2,4001.4,4511.4,-5.99097829151396
67,67,BC-15-PC-50,basalt,coarse,1 to 5,50,yes,pressure-cooked,BgPC 1-3 C/10,17.03.22,09:06,0,2.82,4320,4529.5,2702.0,23.92,3121.126,3,424,8.928,18.7,NA,291,1261.8,0,272.3,636.6,1001.7,92.3,37.5,12.2,0,0,0,93.2,6.972,Day 3,4810.7,4753.4,0.599115442122104
68,68,BC-15-PC-50,basalt,coarse,1 to 5,50,yes,pressure-cooked,BgPC 1-3 C/12,18.03.22,09:01,0,3.8,5760,4963.2,2711.6,23.77,3468.465,4,455,8.909,18.9,NA,285.1,1251.7,0,280.2,679.3,1162.4,91.9,36.2,5.6,0,0,0,69.6,6.972,Day 4,5215.3,5138.6,0.740783666058207
69,69,BC-15-PC-50,basalt,coarse,1 to 5,50,yes,pressure-cooked,BgPC 1-3 C/14,21.03.22,09:09,0,6.8,10080,6475.4,,20.21,1612.515,7,597,8.998,18.1,NA,284.4,2156.5,0,354.8,558.1,1590.2,100.8,47.4,5.7,0,0,0,159.2,6.972,Day 7,6807.9,6841.2,-0.243972130030546
70,70,DF-13-50,dunite,fine,1 to 3,50,yes,no,Df 1-3 A,31.01.22,11:08,0,0,0,0,,24.84,0,0,1,5.594,18,NA,0,0,0,0,0,0,0,0,0,0,0,0,0,7.05,Day 0,0,0,NA
71,71,DF-13-50,dunite,fine,1 to 3,50,yes,no,Df 1-3 A/1,31.01.22,12:44,60,0.04,60,877.5,,23.49,0,0.04,98.65,9.296,18.3,NA,84.552,256.74625,0,124.653,24.6485,269.92375,0,35.1995,0,0,13.33575,0,10.35475,7.05,Day 0,970.54375,946.74475,1.24128424073894
72,72,DF-13-50,dunite,fine,1 to 3,50,yes,no,Df 1-3 A/2,31.01.22,13:58,120,0.08,120,1343.35,,19.34,0,0.08,138.85,9.073,17.15,NA,141.022,301.61,0,167.71,31.73,454.28,0,39.03,0,0,13.92,0,12.09,7.05,Day 0,1441.34,1420.48,0.728906779601796
73,73,DF-13-50,dunite,fine,1 to 3,50,yes,no,Df 1-3 A/3,31.01.22,15:02,180,0.13,180,1694.1,,19.76,0,0.13,168.7,9.177,18.3,NA,191.366,322.42,0,194.09,35,601.42,0,40.5,0,0,14.09,0,14.31,7.05,Day 0,1789.35,1777.31,0.33757072443126
74,74,DF-13-50,dunite,fine,1 to 3,50,yes,no,Df 1-3 A/4,31.01.22,16:08,240,0.17,240,2048.05,,24.41,0,0.17,198.6,9.171,18,NA,236.6465,332.97,0,215.22,36.21,748.97,0,40.19,0,0,14.06,0,15.42,7.05,Day 0,2118.55,2133.14,-0.34315766201205
75,75,DF-13-50,dunite,fine,1 to 3,50,yes,no,Df 1-3 A/5,01.02.22,08:40,1232,0.86,1440,6475,4167.9,20.03,6475,1,545.5,9.09,17.45,NA,642.508,448.66,0,446.14,41.09,2703.6,0,45.25,0,0,15.13,0,29.88,7.05,Day 1,6384.18,6595.14,-1.62535479516647
76,76,DF-13-50,dunite,fine,1 to 3,50,yes,no,Df 1-3 A/8,02.02.22,10:20,2758,1.92,2880,8678.95,5261.3,16.21,6542.2,2,694.5,9.004,18.35,NA,740.8245,396.14,0,529.76,49.32,3781.89,0,39.9,0,0,11.15,0,30.6,7.05,Day 2,8588.32,8791.2,-1.1673509970356
77,77,DF-13-50,dunite,fine,1 to 3,50,yes,no,Df 1-3 A/10,03.02.22,09:03,4118,2.86,4320,9013.05,5212.5,17.58,6148.9965,3,716.5,9.051,16.75,NA,799.613,307.06,0,484.31,38.68,4017.4,0,33.51,0,0,7.71,0,26.14,7.05,Day 3,8903.53,9106.55,-1.12725762461909
78,78,DF-13-50,dunite,fine,1 to 3,50,yes,no,Df 1-3 A/12,04.02.22,10:05,5602,3.89,5760,9157.55,4907.6,15.71,6183.2435,4,718,9.038,19.55,NA,818.136,244.263,0,453.905,25.2765,4218.8795,0,31.0685,0,0,6.1635,0,27.321,7.05,Day 4,9186.48,9249.424,-0.341420740745881
79,79,DF-13-50,dunite,fine,1 to 3,50,yes,no,Df 1-3 A/14,07.02.22,08:36,9822,6.82,10080,14069.55,,10.75,3682.5195,7,1029.5,9.078,19.55,NA,677.571,279.439,0,604.8895,32.1405,6582.0665,0,29.866,0,0,4.6415,0,36.279,7.05,Day 7,14112.7425,14176.6155,-0.225784551208266
80,80,DM-13-50,dunite,medium,1 to 3,50,yes,no,Dm 1-3 A,07.03.22,09:49,0,0,0,0,,25.32,0,0,0.8,5.594,19.3,NA,0,0,0,0,0,0,0,0,0,0,0,0,0,0.959,Day 0,0,0,NA
81,81,DM-13-50,dunite,medium,1 to 3,50,yes,no,Dm 1-3 A/1,07.03.22,10:53,60,0.04,60,743.9,,23.67,0,0.04,76.4,9.366,18.4,NA,188.877,109.4993333,0,70.706,1.798333333,248.971,0,11.24033333,0,0,11.18,0,3.801333333,0.959,Day 0,681.743999966,773.922999996,-6.33242355788832
82,82,DM-13-50,dunite,medium,1 to 3,50,yes,no,Dm 1-3 A/2,07.03.22,11:58,120,0.08,120,1129.8,,23.94,0,0.08,111.6,9.282,17.8,NA,259.389,130.0036667,0,102.556,2.625666667,416.5366667,0,11.734,0,0,11.838,0,5.022,0.959,Day 0,1070.884333434,1163.416,-4.14141577930947
83,83,DM-13-50,dunite,medium,1 to 3,50,yes,no,Dm 1-3 A/3,07.03.22,13:03,180,0.13,180,1484.1,,20.8,0,0.13,144.6,9.304,18,NA,314.568,146.489,0,127.649,4.748,583.839,0,12.77066667,0,0,12.911,0,6.027,0.959,Day 0,1451.312,1521.83566667,-2.3720203157278
84,84,DM-13-50,dunite,medium,1 to 3,50,yes,no,Dm 1-3 A/4,07.03.22,14:05,240,0.17,240,1885.9,,24.6,0,0.17,179.5,9.344,18.1,NA,542.879,162.599,0,150.9543333,5.782,761.9493333,0,13.268,0,0,13.26366667,0,7.187333333,0.959,Day 0,1849.0159999,1926.806333336,-2.06022229253915
85,85,DM-13-50,dunite,medium,1 to 3,50,yes,no,Dm 1-3 A/5,08.03.22,09:40,1415,0.98,1440,7932,5062.7,19.83,7932,1,635,9.288,19.2,NA,667.532,311.9583333,0,529.607,13.13133333,3461.683,0,16.86233333,0,0,13.63766667,0,19.71133333,0.959,Day 1,7791.19399996,8001.92266666,-1.33430703481974
86,86,DM-13-50,dunite,medium,1 to 3,50,yes,no,Dm 1-3 A/8,09.03.22,09:10,2815,1.95,2880,10474.2,6349.6,14.02,7856.64,2,801,9.321,19,NA,630.372,307.4386667,0,662.569,10.33766667,4676.533,0,13.98433333,0,0,11.618,0,21.57333333,0.959,Day 2,10343.74900004,10542.94899999,-0.953717049720909
87,87,DM-13-50,dunite,medium,1 to 3,50,yes,no,Dm 1-3 A/10,10.03.22,09:30,4273,2.97,4320,11617.3,6474.6,15.7,8160.814,3,872,9.315,18.9,NA,612.661,279.1796667,0,692.3936667,8.325333333,5224.680333,0,11.04466667,0,0,9.722333333,0,21.09466667,0.959,Day 3,11437.584666066,11680.256333343,-1.04971596302268
88,88,DM-13-50,dunite,medium,1 to 3,50,yes,no,Dm 1-3 A/12,11.03.22,09:17,5687,3.95,5760,11904.4,6695.3,15.27,8070.691,4,884,9.333,18.8,NA,582.572,235.3676667,0,653.431,6.331,5386.858667,0,7.756666667,0,0,8.259666667,0,18.42233333,0.959,Day 4,11675.1780007,11957.260999994,-1.19362626636089
89,89,DM-13-50,dunite,medium,1 to 3,50,yes,no,Dm 1-3 A/14,14.03.22,09:17,9994,6.94,10080,21830,,11.93,5967.183,7,1448,9.338,19.2,NA,664.753,366.114,0,1064.119,3.014,10125.8,0,12.34833333,0,0,8.337,0,35.915,0.959,Day 7,21687.861,21922.51533333,-0.538069957334132
90,90,DC-12-50,dunite,coarse,1 to 2,50,yes,no,Dc 1-2 B,02.05.22,10:46,0,0,0,0,,21.34,0,0,1.6,6.194,22.2,NA,0,0,0,0,0,0,0,0,0,0,0,0,0,1.134,Day 0,0,0,NA
91,91,DC-12-50,dunite,coarse,1 to 2,50,yes,no,Dc 1-2 B/1,02.05.22,11:49,60,0.04,60,1039.4,,25.21,0,0.04,117.4,9.788,22.5,NA,143.7,277.3,0,128.8,10.1,439.4,0,51,19.8,0,14.5,0,11.4,1.134,Day 0,1305.1,1127.7,7.29200920749754
92,92,DC-12-50,dunite,coarse,1 to 2,50,yes,no,Dc 1-2 B/2,02.05.22,12:52,120,0.08,120,1526.3,,19.47,0,0.08,158.4,9.775,22,NA,212,342.3,0,177.7,13.2,617.1,0,53.4,20,0,15.3,0,15.4,1.134,Day 0,1780.6,1625.8,4.54438703616722
93,93,DC-12-50,dunite,coarse,1 to 2,50,yes,no,Dc 1-2 B/3,02.05.22,13:54,180,0.13,180,1964.9,,19.43,0,0.13,193.7,9.729,21.7,NA,257.4,384,0,211.7,12.4,798,0,55.3,20.3,0,16.3,0,18.6,1.134,Day 0,2216.5,2073.7,3.32851615309309
94,94,DC-12-50,dunite,coarse,1 to 2,50,yes,no,Dc 1-2 B/4,02.05.22,14:56,240,0.17,240,2390,,20.71,0,0.17,229,9.741,22.3,NA,290.6,421.8,0,258.4,22.4,971.8,0,55.8,20.3,0,16.7,0,21.6,1.134,Day 0,2668.6,2505.7,3.14825193746015
95,95,DC-12-50,dunite,coarse,1 to 2,50,yes,no,Dc 1-2 B/5,03.05.22,09:30,1354,0.94,1440,9393.9,6074.2,16.87,9393.9,1,699,9.577,21.9,NA,410.2,769.7,0,700.4,50.1,3982.7,0,67.8,21.1,0,20,0,63.1,1.134,Day 1,9535.7,9607.9,-0.377149543450547
96,96,DC-12-50,dunite,coarse,1 to 2,50,yes,no,Dc 1-2 B/8,04.05.22,09:34,2781,1.93,2880,13721.4,8320.3,13.96,10621.413,2,939,9.52,22.3,NA,425.1,702.5,0,760.8,54.5,6056.6,0,61.2,19.6,0,14.9,0,81.6,1.134,Day 2,13685.5,13960.7,-0.995435177348059
97,97,DC-12-50,dunite,coarse,1 to 2,50,yes,no,Dc 1-2 B/10,05.05.22,09:30,4196,2.91,4320,15999.2,8891.7,14.54,11471.138,3,1028,9.566,20.9,NA,445,557.8,0,670.7,55.9,7241.7,0,53.1,18.2,0,10.3,0,87.2,1.134,Day 3,15823.7,16237,-1.28911720580025
98,98,DC-12-50,dunite,coarse,1 to 2,50,yes,no,Dc 1-2 B/12,06.05.22,10:40,5680,3.94,5760,17262.1,8476.3,13.4,11982.364,4,1096,9.486,22.8,NA,420.1,444.1,0,597.1,53.7,7942.6,0,47.2,17.2,0,7,0,87.8,1.134,Day 4,17033.8,17491.9,-1.32683768902584
99,99,DC-12-50,dunite,coarse,1 to 2,50,yes,no,Dc 1-2 B/14,09.05.22,09:41,9913,6.88,10080,32966.4,,12.3,9089.969,7,1830,9.452,23.7,NA,308.2,657.1,0,902.7,0,15350.5,27.9,64,19,0,7,0,216.1,1.134,Day 7,32260.8,33469.6,-1.83902729939267
100,100,DC-13-50,dunite,coarse,1 to 3,50,yes,no,Dc 1-3,24.01.22,11:55,0,0,0,0,,20.26,0,0,1.1,6.609,18,NA,0,0,0,0,0,0,0,0,0,0,0,0,0,1.134,Day 0,0,0,NA
101,101,DC-13-50,dunite,coarse,1 to 3,50,yes,no,Dc 1-3 1,24.01.22,12:58,60,0.04,60,819.8,,20.45,0,0.04,87.4,9.3,18.4,NA,94.9,176.2,0,84.1,19.7,315.6,0,46.1,0,0,8.9,0,5.5,1.134,Day 0,930.9,885.8,2.48252325645401
102,102,DC-13-50,dunite,coarse,1 to 3,50,yes,no,Dc 1-3 2,24.01.22,14:02,120,0.08,120,1318.9,,23.52,0,0.08,130.3,9.145,19,NA,160.7,215.1,0,112.8,22.6,529.7,0,47.4,0,0,9.7,0,7.5,1.134,Day 0,1432.5,1391,1.46980697715602
103,103,DC-13-50,dunite,coarse,1 to 3,50,yes,no,Dc 1-3 3,24.01.22,15:14,180,0.13,180,1883.6,,20.96,0,0.13,179.6,9.082,18.8,NA,223.5,248.6,0,143.4,23.2,779.1,0,48.1,0,0,10.2,0,9.5,1.134,Day 0,1996.6,1960.9,0.902084649399881
104,104,DC-13-50,dunite,coarse,1 to 3,50,yes,no,Dc 1-3 4,24.01.22,16:18,240,0.17,240,2345.5,,23.28,0,0.17,215.5,9.055,18.8,NA,271.4,270.6,0,162.8,25.4,985.3,0,48.7,0,0,10.5,0,9.7,1.134,Day 0,2454.8,2424.1,0.629240197585527
105,105,DC-13-50,dunite,coarse,1 to 3,50,yes,no,Dc 1-3 5,25.01.22,09:30,1272,0.88,1440,8302.2,5814.2,15.91,8302.2,1,650.5,9.274,19,NA,552.7,446.2,0,394.9,36.2,3732.8,0,54.9,0,0,13.1,0,33.3,1.134,Day 1,8379.1,8436.8,-0.343127635154828
106,106,DC-13-50,dunite,coarse,1 to 3,50,yes,no,Dc 1-3 8,26.01.22,09:30,2710,1.88,2880,12727.4,7293.9,15.13,9987.674,2,915.5,9.319,20.2,NA,594.9,444.4,0,494.3,44.9,5873.9,0,51.8,0,0,10.6,0,44.3,1.134,Day 2,12776.3,12878.4,-0.397977758461414
107,107,DC-13-50,dunite,coarse,1 to 3,50,yes,no,Dc 1-3 10,27.01.22,09:22,4119,2.86,4320,13784.8,7436.5,13.15,9584.758,3,968,9.284,18.7,NA,603.5,345.2,0,444.9,40.9,6498.3,0,48.5,0,0,7.4,0,42,1.134,Day 3,13868.5,13924.7,-0.202207734265932
108,108,DC-13-50,dunite,coarse,1 to 3,50,yes,no,Dc 1-3 12,28.01.22,09:26,5538,3.85,5760,14322.9,6961.0,10.78,9773.916,4,982,9.321,18.3,NA,597,253,0,369.4,39.4,6817.9,0,41.2,0,0,4.7,0,39,1.134,Day 4,14337,14446.8,-0.381464573822779
109,109,DC-13-50,dunite,coarse,1 to 3,50,yes,no,Dc 1-3 14,31.01.22,09:23,9847,6.84,10080,28836.5,,10.11,8036.648,7,1681.5,9.431,17,NA,552.3,284.5,0,473.4,0,12547.3,0,30.9,0,0,3.6,0,71,1.134,Day 7,25852.5,29013,-5.76045055636055
110,110,DC-15-50,dunite,coarse,1 to 5,50,yes,no,Dc 1-5 B,25.04.22,10:08,0,0,0,0,,23.42,0,0,3.1,6.609,18.2,NA,0,0,0,0,0,0,0,0,0,0,0,0,0,1.134,Day 0,0,0,NA
111,111,DC-15-50,dunite,coarse,1 to 5,50,yes,no,Dc 1-5 B/1,25.04.22,11:09,60,0.04,60,492.65,,24.35,0,0.04,48.2,8.984,19.4,NA,53.149,99.69,0,57.74,10.97,222.47,0,36.7,0,0,5.6,0,3.36,1.134,Day 0,624.31,541.67,7.08760013036245
112,112,DC-15-50,dunite,coarse,1 to 5,50,yes,no,Dc 1-5 B/2,25.04.22,12:14,120,0.08,120,805.99,,23.82,0,0.08,73.6,8.959,19.4,NA,93.759,120.3,0,57.01,15.4,339.75,0,36.56,0,0,5.4,0,4.34,1.134,Day 0,887.61,856.63,1.77613172499197
113,113,DC-15-50,dunite,coarse,1 to 5,50,yes,no,Dc 1-5 B/3,25.04.22,13:17,180,0.13,180,1027.72,,21.8,0,0.13,97,8.704,19.5,NA,131.077,0,0,0,0,0,0,0,0,0,0,0,0,1.134,Day 0,0,1027.72,-100
114,114,DC-15-50,dunite,coarse,1 to 5,50,yes,no,Dc 1-5 B/4,25.04.22,14:18,240,0.17,240,1273.32,,25.56,0,0.17,119,8.79,20.2,NA,165.201,148.85,0,82.96,12.83,569.74,0,37.88,0,0,4.63,0,5.93,1.134,Day 0,1396.95,1327.69,2.54198719830877
115,115,DC-15-50,dunite,coarse,1 to 5,50,yes,no,Dc 1-5 B/5,26.04.22,09:27,1371,0.95,1440,5217.75,3398.56,19.49,5217.75,1,433,8.954,21.4,NA,549.349,278.8126667,0,228.317,24.50766667,2362.725667,0,41.713,0,0,7.531333333,0,19.373,1.134,Day 1,5281.59633404,5305.740333333,-0.228046014323929
116,116,DC-15-50,dunite,coarse,1 to 5,50,yes,no,Dc 1-5 B/8,27.04.22,09:27,2796,1.94,2880,7177.85,4375.08,16.34,5455.9925,2,568,9.015,24.6,NA,664.586,264,0,253.66,30.53,3286.1,0,80.18,0,0,12.08,0,22.87,1.134,Day 2,7150.92,7315.85,-1.14006098113124
117,117,DC-15-50,dunite,coarse,1 to 5,50,yes,no,Dc 1-5 B/10,28.04.22,09:13,4209,2.92,4320,8045.31,4521.80,17.17,5676.6195,3,624,9.041,22,NA,705.254,225.48,0,274.95,28.14,3724.84,0,36.46,5.62,0,4.81,0,23.07,1.134,Day 3,8006.39,8132.72,-0.782756917822606
118,118,DC-15-50,dunite,coarse,1 to 5,50,yes,no,Dc 1-5 B/12,29.04.22,09:41,5662,3.93,5760,8549.96,4374.17,17.38,5895.0077,4,659,9.083,20.6,NA,732.3,170.51,0,236.96,22.64,4014.59,0,33.45,11.37,0,0.94,0,22.62,1.134,Day 4,8481.93,8629.59,-0.862927431344486
119,119,DC-15-50,dunite,coarse,1 to 5,50,yes,no,Dc 1-5 B/14,02.05.22,09:16,9938,6.9,10080,17266.02,,13.62,4814.8444,7,1141,9.235,22.5,NA,708.185,236.82,0,390.89,34.74,8086,0,36.41,16.88,0,2.12,0,47.54,1.134,Day 7,16869.19,17399.63,-1.54787938423325
120,120,DC-13-NWR-50,dunite,coarse,1 to 3,50,no,no,DcNW,07.03.22,09:49,0,0,0,0,,25.8,0,0,0.8,6.609,19.3,NA,0,0,0,0,0,0,0,0,0,0,0,0,0,1.134,Day 0,0,0,NA
121,121,DC-13-NWR-50,dunite,coarse,1 to 3,50,no,no,DcNW C/1,07.03.22,13:44,60,0.04,60,816.9,,19.43,0,0.04,86.5,9.66,18.4,NA,190.73,165.3,0,73.84,8.34,262.45,0,23.65,4.31,0,22.78,0,5.42,1.134,Day 0,780.72,874.17,-5.64690100248355
122,122,DC-13-NWR-50,dunite,coarse,1 to 3,50,no,no,DcNW C/2,07.03.22,14:45,120,0.08,120,1179.5,,21.83,0,0.08,120.4,9.65,18.8,NA,324.73,189.81,0,97.93,9.49,415.07,0,20.26,4.4,0,20.13,0,7.24,1.134,Day 0,1136.86,1234.37,-4.11221180568733
123,123,DC-13-NWR-50,dunite,coarse,1 to 3,50,no,no,DcNW C/3,08.03.22,12:01,1396,0.97,1440,6965.6,,15.68,6965.6,1,558,9.41,19.2,NA,736.67,372.53,0,342.31,29.72,3058.44,0,22.93,0,0,20.48,0,25.89,1.134,Day 1,6891.16,7060.79,-1.21581571034873
124,124,DC-13-NWR-50,dunite,coarse,1 to 3,50,no,no,DcNW C/4,09.03.22,09:18,2673,1.86,2880,11761.3,,10.72,9462.652,2,854,9.44,19.7,NA,725.32,443.34,0,487.41,38.36,5310.72,0,25.21,0,0,18.65,0,39.35,1.134,Day 2,11628.91,11883.86,-1.08430440139549
125,125,DC-13-NWR-50,dunite,coarse,1 to 3,50,no,no,DcNW C/5,10.03.22,09:51,4151,2.88,4320,16662.1,,14.77,12780.871,3,1143,9.44,18,NA,676.18,519.55,0,621.47,45.36,7675.7,0,29.6,0,0,19.56,0,54.91,1.134,Day 3,16583.14,16821.08,-0.712305211736717
126,126,DC-13-NWR-50,dunite,coarse,1 to 3,50,no,no,DcNW C/6,11.03.22,09:29,5569,3.87,5760,20975.4,,10.88,15476.907,4,1353,9.48,18.1,NA,669.87,555.26,0,713.53,39.14,9678.25,0,30.91,0,0,18.53,0,69.89,1.134,Day 4,20703.57,21164.62,-1.10119400910334
127,127,DC-13-NWR-50,dunite,coarse,1 to 3,50,no,no,DcNW C/7,14.03.22,09:17,9877,6.86,10080,37373.4,,14.34,10150.506,7,2080,9.51,19,NA,521.84,854.73,0,1120.28,0,17832.72,0,50.05,0,0,23.86,0,155.28,1.134,Day 7,37640.45,37757.87,-0.155732912881876
128,128,DM-13-C-50,dunite,medium,1 to 3,50,yes,no,DmC,21.02.22,12:01,0,0,0,0,,21.9,0,0,1.2,7.58,20.2,NA,0,0,0,0,0,0,0,0,0,0,0,0,0,0.959,Day 0,0,0,NA
129,129,DM-13-C-50,dunite,medium,1 to 3,50,yes,no,DmC B/1,21.02.22,13:17,60,0.04,60,660.6,,21.25,0,0.04,72.8,9.68,20,NA,160.17,0,0,78.05,3.29,220.29,0,21.46,6.29,0,19.73,0,7.73,0.959,Day 0,525.21,717.25,-15.4564332050931
130,130,DM-13-C-50,dunite,medium,1 to 3,50,yes,no,DmC B/2,21.02.22,14:24,120,0.08,120,1056.1,,21.66,0,0.08,105.6,9.41,19.9,NA,230.42,0,0,112.55,3.66,377.71,0,17.09,6.35,0,19.36,0,8.72,0.959,Day 0,875.29,1109.99,-11.8220099935525
131,131,DM-13-C-50,dunite,medium,1 to 3,50,yes,no,DmC B/3,21.02.22,15:27,180,0.13,180,1440,,18.73,0,0.13,139.9,9.45,19.9,NA,291.51,0,0,139.39,5.45,548.07,0,17.21,6.42,0,19.23,0,9.49,0.959,Day 0,1246.43,1495.42,-9.08109488119335
132,132,DM-13-C-50,dunite,medium,1 to 3,50,yes,no,DmC B/4,21.02.22,16:28,240,0.17,240,1833.2,,22.45,0,0.17,175.4,9.39,19.9,NA,347.16,42.14,0,167.42,8.61,733.22,0,18.07,6.21,0,19.46,0,10.12,0.959,Day 0,1693.22,1890.97,-5.51728563496913
133,133,DM-13-C-50,dunite,medium,1 to 3,50,yes,no,DmC B/5,22.02.22,09:22,1254,0.87,1440,6848.3,4457.2,17.12,6848.3,1,562,9.3,20.2,NA,599.29,228.81,0,481.98,15.01,2987.6,0,21.07,6.38,0,20.68,0,20.92,0.959,Day 1,6716.01,6931.89,-1.58178181258655
134,134,DM-13-C-50,dunite,medium,1 to 3,50,yes,no,DmC B/8,23.02.22,10:08,2725,1.89,2880,10168.2,6189.6,11.26,7908.261,2,777,9.26,19.7,NA,627.62,218.31,0,641.72,12.57,4474.22,0,19.7,2,0,19.12,0,22.71,0.959,Day 2,9833.61,10252.44,-2.08517851942019
135,135,DM-13-C-50,dunite,medium,1 to 3,50,yes,no,DmC B/9,23.02.22,10:23,2730,1.9,2940,6189.6,,19.42,0,2.04,503,9.34,19.8,NA,434.61,89.4,0,397.54,6.98,2739.75,0,12.88,0,0,16.18,0,14.17,0.959,Day 2,5980.4,6247,-2.18034905212882
136,136,DM-13-C-50,dunite,medium,1 to 3,50,yes,no,DmC B/10,24.02.22,09:57,4143,2.88,4320,11419.1,6469.1,14.16,9376.532,3,852,9.29,19.8,NA,628.63,212.84,0,669.54,9.57,5086.57,0,14.94,0,0,17.14,0,21.74,0.959,Day 3,11074.66,11494.66,-1.86093333782321
137,137,DM-13-C-50,dunite,medium,1 to 3,50,yes,no,DmC B/12,25.02.22,08:59,5513,3.83,5760,11605.2,6032.1,14.57,7836.897,4,852,9.31,20,NA,524.35,177.23,0,636.17,7.83,5214.91,0,9.96,0,0,15.25,0,19.64,0.959,Day 4,11258.88,11669.69,-1.79169481568193
138,138,DM-13-C-50,dunite,medium,1 to 3,50,yes,no,DmC B/13,25.02.22,09:15,5518,3.83,5820,6032.1,,19.74,0,4.04,486,9.38,20.1,NA,310.99,0,0,338.89,2.23,2708.06,0,8.01,0,0,12.48,0,10.64,0.959,Day 4,5759.47,6073.87,-2.65689991160569
139,139,DM-13-C-50,dunite,medium,1 to 3,50,yes,no,DmC B/14,28.02.22,10:59,9942,6.9,10080,21510.9,,12.78,6506.769,7,1443,9.29,18.7,NA,380.23,274.81,0,1002.36,15.31,9845.21,0,14.67,0,0,13.02,0,36.06,0.959,Day 7,20998.21,21610.71,-1.43749243116232
140,140,DM-13-PC-50,dunite,medium,1 to 3,50,yes,pressure-cooked,DmPC,21.02.22,12:01,0,0,0,0,,18.85,0,0,1.2,7.58,20.2,NA,0,0,0,0,0,0,0,0,0,0,0,0,0,0.959,Day 0,0,0,NA
141,141,DM-13-PC-50,dunite,medium,1 to 3,50,yes,pressure-cooked,DmPC A/1,21.02.22,13:17,60,0.04,60,525.2,,21.02,0,0.04,61.5,9.75,20.5,NA,199.68,0,0,64.81,3.39,171.01,0,9.57,5.97,0,12.44,0,7.38,0.959,Day 0,413.61,561.97,-15.2073638245967
142,142,DM-13-PC-50,dunite,medium,1 to 3,50,yes,pressure-cooked,DmPC A/2,21.02.22,14:24,120,0.08,120,878.5,,20.2,0,0.08,90.4,9.57,19.7,NA,253.61,0,0,96.33,4.98,310.37,0,8.53,5.87,0,12.8,0,8.87,0.959,Day 0,727.03,917.57,-11.5857959382221
143,143,DM-13-PC-50,dunite,medium,1 to 3,50,yes,pressure-cooked,DmPC A/3,21.02.22,15:27,180,0.13,180,1249.7,,18.63,0,0.13,121.8,9.38,0,NA,302.36,0,0,120.58,9.24,477.9,0,9.01,5.95,0,12.64,0,9.6,0.959,Day 0,1094.86,1290.55,-8.20362118042601
144,144,DM-13-PC-50,dunite,medium,1 to 3,50,yes,pressure-cooked,DmPC A/4,21.02.22,16:28,240,0.17,240,1656.6,,20.18,0,0.17,156.2,9.37,20.3,NA,354.33,0,0,144.3,9.28,649.64,0,14.21,6.13,0,11.76,0,10.44,0.959,Day 0,1462.14,1703.45,-7.62290757805022
145,145,DM-13-PC-50,dunite,medium,1 to 3,50,yes,pressure-cooked,DmPC A/5,22.02.22,09:22,1254,0.87,1440,6590.8,4280.8,19.6,6590.8,1,536,9.32,19.9,NA,623.99,205.99,0,475.21,17.52,2840.26,0,19.15,6.92,0,13.89,0,21.59,0.959,Day 1,6396.76,6667.02,-2.06877335656296
146,146,DM-13-PC-50,dunite,medium,1 to 3,50,yes,pressure-cooked,DmPC A/8,23.02.22,10:08,2725,1.89,2880,9769.5,5947.7,18.89,7594.536,2,749,9.29,19.7,NA,630.39,205.38,0,641.88,13.28,4290.31,0,9.68,0,0,29.43,0,22.75,0.959,Day 2,9454.44,9854.11,-2.06991203378814
147,147,DM-13-PC-50,dunite,medium,1 to 3,50,yes,pressure-cooked,DmPC A/10,24.02.22,09:57,4143,2.88,4320,11120.4,6285.6,14.03,7896.465,3,828,9.28,20,NA,624.06,197.6,0,668.66,8.25,4915.42,0,7.06,0,0,30.04,0,21.43,0.959,Day 3,10713.6,11200.36,-2.22123249289493
148,148,DM-13-PC-50,dunite,medium,1 to 3,50,yes,pressure-cooked,DmPC A/12,25.02.22,08:59,5513,3.83,5760,11419.5,5841.9,12.7,7749.768,4,840,9.3,19.7,NA,589.82,183.25,0,627.71,5.2,5108.89,0,8.7,0,0,18.02,0,18.73,0.959,Day 4,11039.14,11483.68,-1.97373153095394
149,149,DM-13-PC-50,dunite,medium,1 to 3,50,yes,pressure-cooked,DmPC A/14,28.02.22,10:59,9942,6.9,10080,21464.5,,15.08,5898.688,7,1396,9.33,18.4,NA,520.65,282.88,0,973.56,5.99,0,0,5.83,0,0,18.78,0,30.59,0.959,Day 7,1268.42,21550.29,-88.882631840275
150,150,DC-13-C-50,dunite,coarse,1 to 3,50,yes,no,DcC,14.02.22,10:40,0,0,0,0,,18.12,0,0,1.3,7.332,20.9,NA,0,0,0,0,0,0,0,0,0,0,0,0,0,1.134,Day 0,0,0,NA
151,151,DC-13-C-50,dunite,coarse,1 to 3,50,yes,no,DcC B/1,14.02.22,12:49,60,0.04,60,680.5,,25.51,0,0.04,69.2,9.042,19.7,NA,102.75,162.45,0,75.59,3.83,181.81,0,20.59,0,0,12.24,0,6.3,1.134,Day 0,609.32,725.93,-8.73319603070586
152,152,DC-13-C-50,dunite,coarse,1 to 3,50,yes,no,DcC B/2,14.02.22,13:56,120,0.08,120,1058.2,,23.16,0,0.08,108.8,9.563,20.1,NA,157.51,203.2,0,106.55,6.9,336.22,0,19.3,0,0,12.72,0,8.61,1.134,Day 0,995.99,1107.44,-5.29848865899983
153,153,DC-13-C-50,dunite,coarse,1 to 3,50,yes,no,DcC B/3,14.02.22,15:00,180,0.13,180,1448.3,,22.57,0,0.13,142.5,9.367,20.4,NA,210.54,229.84,0,131.29,10.42,507.06,0,22.16,0,0,13.27,0,10.32,1.134,Day 0,1396.09,1504.37,-3.73320094054046
154,154,DC-13-C-50,dunite,coarse,1 to 3,50,yes,no,DcC B/4,14.02.22,16:04,240,0.17,240,1919.2,,23.18,0,0.17,179.8,9.405,20.1,NA,259.09,250.36,0,153.4,12.22,704.1,0,21.2,0,0,13.39,0,11.7,1.134,Day 0,1836.4,1977.19,-3.69179696821105
155,155,DC-13-C-50,dunite,coarse,1 to 3,50,yes,no,DcC B/5,15.02.22,09:45,1301,0.9,1440,7869.3,5082.2,18.84,7869.3,1,612,9.448,20.3,NA,539.53,440.59,0,409.04,31.26,3387.4,0,26.28,0,0,15.17,0,34.32,1.134,Day 1,7686.95,7979.39,-1.8666772200782
156,156,DC-13-C-50,dunite,coarse,1 to 3,50,yes,no,DcC B/8,16.02.22,09:10,2684,1.86,2880,11423.2,6706.1,10.86,8826.331,2,828,9.41,19.8,NA,581.75,398.95,0,466.27,33.1,5108.9,0,20.51,0,0,11.82,0,41.01,1.134,Day 2,11149.22,11537.55,-1.71170245918657
157,157,DC-13-C-50,dunite,coarse,1 to 3,50,yes,no,DcC B/10,17.02.22,09:10,4110,2.85,4320,14489.3,7101.5,11.03,10719.644,3,910,9.394,20.1,NA,601.7,310.58,0,437.29,31.09,5956.76,0,14.7,0,0,8.75,0,39.52,1.134,Day 3,12723.57,14591.79,-6.83944857398913
158,158,DC-13-C-50,dunite,coarse,1 to 3,50,yes,no,DcC B/12,18.02.22,13:09,5767,4,5760,15177.5,7318.7,13.8,10396.031,4,1022,9.435,19.4,NA,611.55,0,0,393.41,31.54,6718.29,0,11.21,0,0,6.31,0,39.54,1.134,Day 4,13893.07,15274.1,-4.73487828952895
159,159,DC-13-C-50,dunite,coarse,1 to 3,50,yes,no,DcC B/14,21.02.22,09:10,9814,6.82,10080,26718.6,,11.91,7236.675,7,1565,9.453,20.3,NA,484.31,0,0,541.94,41.4,12187.71,0,17.44,0,0,5.93,0,79.19,1.134,Day 7,25000.16,26900.35,-3.66121643120656
160,160,DC-13-PC-50,dunite,coarse,1 to 3,50,yes,pressure-cooked,DcPC,14.02.22,10:40,0,0,0,0,,25.96,0,0,1.3,7.332,20.9,NA,0,0,0,0,0,0,0,0,0,0,0,0,0,1.134,Day 0,0,0,NA
161,161,DC-13-PC-50,dunite,coarse,1 to 3,50,yes,pressure-cooked,DcPC A/1,14.02.22,12:49,60,0.04,60,607.8,,19.37,0,0.04,63.9,9.573,20.3,NA,93.61,173,0,59.78,1.88,100.33,0,12.96,4.02,0,11.77,0,8.53,1.134,Day 0,437.2,649.59,-19.5428739682919
162,162,DC-13-PC-50,dunite,coarse,1 to 3,50,yes,pressure-cooked,DcPC A/2,14.02.22,13:56,120,0.08,120,936.4,,24.61,0,0.08,96.1,9.55,19.8,NA,150.58,106.33,0,87.62,3.63,294,0,14.07,4.15,0,10.34,0,10.79,1.134,Day 0,789.21,982.39,-10.9042673289682
163,163,DC-13-PC-50,dunite,coarse,1 to 3,50,yes,pressure-cooked,DcPC A/3,14.02.22,15:00,180,0.13,180,1311,,20.72,0,0.13,130.2,9.591,20,NA,199.41,115.32,0,110.22,6.15,449.39,0,18.7,4.04,0,12.46,0,12.3,1.134,Day 0,1136.62,1366.76,-9.19317083303374
164,164,DC-13-PC-50,dunite,coarse,1 to 3,50,yes,pressure-cooked,DcPC A/4,14.02.22,16:04,240,0.17,240,1664.4,,24.25,0,0.17,162.4,9.456,20.1,NA,227.31,121.47,0,133.96,8.55,636.71,0,11.64,3.97,0,12.19,0,13.6,1.134,Day 0,1545.95,1715.43,-5.1965732297371
165,165,DC-13-PC-50,dunite,coarse,1 to 3,50,yes,pressure-cooked,DcPC A/5,15.02.22,09:45,1301,0.9,1440,7492.8,4897,19.05,7492.8,1,579,9.419,20.6,NA,543.46,285.82,0,380.87,29.27,3238.55,0,17.88,4.12,0,17.56,0,35.62,1.134,Day 1,7202.33,7599.48,-2.68311780788971
166,166,DC-13-PC-50,dunite,coarse,1 to 3,50,yes,pressure-cooked,DcPC A/8,16.02.22,09:10,2684,1.86,2880,11026.9,6460.4,15.15,8554.276,2,801,9.393,19.8,NA,580.62,255.47,0,444.53,29.57,4941.2,0,14.62,0,0,7.74,0,40.69,1.134,Day 2,10641.54,11130.64,-2.24644477493756
167,167,DC-13-PC-50,dunite,coarse,1 to 3,50,yes,pressure-cooked,DcPC A/10,17.02.22,09:10,4110,2.85,4320,12767.8,6759.6,15.55,9128.923,3,801,9.436,20.3,NA,625.53,214.78,0,418.83,27.85,5859.54,0,15.4,0,0,17.02,0,40.26,1.134,Day 3,12408.39,12880.74,-1.8677985363672
168,168,DC-13-PC-50,dunite,coarse,1 to 3,50,yes,pressure-cooked,DcPC A/12,18.02.22,13:09,5767,4,5760,14859.7,6737,15.22,10646.326,4,1007,9.426,19.6,NA,625.57,198.2,0,388.02,28.2,6968.92,0,8.81,0,0,8.96,0,41.11,1.134,Day 4,14580.46,14959.69,-1.28377817986707
169,169,DC-13-PC-50,dunite,coarse,1 to 3,50,yes,pressure-cooked,DcPC A/14,21.02.22,09:10,9814,6.82,10080,26758.1,,12.31,7284.800,7,1573,9.46,20.3,NA,482.13,222.23,0,557.82,37.78,12653.01,0,16.47,0,0,8.15,0,83.24,1.134,Day 7,26161.63,26949.2,-1.48288023365479
170,170,BF-13-NWR-50,basalt,fine,1 to 3,50,no,no,BF-13-NWR-50,01.11.21,NA,NA,NA,0,0,,25.96,0,0,1.4,7.78,21.2,NA,NA,0,0,0,0,0,0,0,0,0,0,0,0,10.577,Day 0,0,0,NA
171,171,BF-13-NWR-50,basalt,fine,1 to 3,50,no,no,BF-13-NWR-50,01.11.21,NA,NA,NA,60,2003.9,,20.07,0,0.04,193,9.561,19.1,NA,NA,0,0,0,0,0,0,0,0,0,0,0,0,10.577,Day 0,0,2003.9,-100
172,172,BF-13-NWR-50,basalt,fine,1 to 3,50,no,no,BF-13-NWR-50,02.11.21,NA,NA,NA,1440,2627.1,,19.26,2627.1,1,220,8.763,17.6,NA,NA,2483.01,0,158.76,184.84,153.29,0,199.58,0,0,49.81,0,230.62,10.577,Day 1,3318.03,3337.73,-0.295984230200605
173,173,BF-13-NWR-50,basalt,fine,1 to 3,50,no,no,BF-13-NWR-50,03.11.21,NA,NA,NA,2880,3197.4,,24.38,2330.457,2,240,8.764,17.3,NA,NA,3411.32,0,210.99,364.84,401.69,0,212.28,0,0,50.21,0,236.51,10.577,Day 2,5155.37,3932.91,13.4509500147443
174,174,BF-13-NWR-50,basalt,fine,1 to 3,50,no,no,BF-13-NWR-50,04.11.21,NA,NA,NA,4320,3850.2,,22.82,2795.058,3,369,8.701,17.5,NA,NA,3705.03,0,212.75,500.51,463.66,0,229.85,0,0,32.93,0,255.12,10.577,Day 3,5846.12,4623.22,11.6807745282893
175,175,BF-13-NWR-50,basalt,fine,1 to 3,50,no,no,BF-13-NWR-50,05.11.21,NA,NA,NA,5760,4005.6,,24.85,2735.034,4,413,8.777,17.5,NA,NA,2991.39,0,182.91,467.66,508.38,0,207.34,0,0,10.71,0,177.44,10.577,Day 4,5126.38,4578.53,5.64508068596205
176,176,BF-13-NWR-50,basalt,fine,1 to 3,50,no,no,BF-13-NWR-50,09.11.21,NA,NA,NA,7200,4059.9,,25.23,2738.052,5,480,8.792,18.6,NA,NA,2403.71,0,175.86,513.1,444.69,0,102.59,0,0,50.53,0,131.9,10.577,Day 5,4495.15,4476.82,0.204302956875701
177,177,BF-13-NWR-50,basalt,fine,1 to 3,50,no,no,BF-13-NWR-50,11.11.21,NA,NA,NA,10080,4559.8,,20.61,1073.344,7,428,8.6,19.1,NA,NA,2012.81,0,132.41,536.14,474.6,0,73.16,0,0,51.74,0,112.38,10.577,Day 7,4166.7,4909.46,-8.18363713288439
178,178,base_basalt,basalt,fine,1 to 3,0,no,no,NA,12.01.22,NA,NA,NA,0,0,,20.79,0,0,NA,NA,19.4,NA,NA,NA,NA,NA,NA,NA,NA,NA,NA,NA,NA,NA,NA,10.577,Day 0,NA,NA,NA
179,179,base_basalt,basalt,fine,1 to 3,0,no,no,NA,12.01.22,NA,NA,NA,60,18.53061621,,21.56,0,0.04,NA,NA,20.7,NA,NA,NA,NA,NA,NA,NA,NA,NA,NA,NA,NA,NA,NA,10.577,Day 0,NA,NA,NA
180,180,base_basalt,basalt,fine,1 to 3,0,no,no,NA,12.01.22,NA,NA,NA,300,40.22326057,,18.61,0,0.21,NA,NA,20,NA,NA,NA,NA,NA,NA,NA,NA,NA,NA,NA,NA,NA,NA,10.577,Day 0,NA,NA,NA
181,181,base_basalt,basalt,fine,1 to 3,0,no,no,NA,13.01.22,NA,NA,NA,1440,52.36320524,,24.43,52.36320524,1,NA,NA,19.9,NA,NA,NA,NA,NA,NA,NA,NA,NA,NA,NA,NA,NA,NA,10.577,Day 1,NA,NA,NA
182,182,base_basalt,basalt,fine,1 to 3,0,no,no,NA,13.01.22,NA,NA,NA,4320,57.32970918,,23.01,0,3,NA,NA,18.5,NA,NA,NA,NA,NA,NA,NA,NA,NA,NA,NA,NA,NA,NA,10.577,Day 3,NA,NA,NA
183,183,base_basalt,basalt,fine,1 to 3,0,no,no,NA,14.01.22,NA,NA,NA,5760,67.41755735,,18.71,0,4,NA,NA,18.8,NA,NA,NA,NA,NA,NA,NA,NA,NA,NA,NA,NA,NA,NA,10.577,Day 4,NA,NA,NA
184,184,base_basalt,basalt,fine,1 to 3,0,no,no,NA,17.01.22,NA,NA,NA,7200,80.49048095,,21.51,0,5,NA,NA,18.7,NA,NA,NA,NA,NA,NA,NA,NA,NA,NA,NA,NA,NA,NA,10.577,Day 5,NA,NA,NA
185,185,base_basalt,basalt,fine,1 to 3,0,no,no,NA,19.01.22,NA,NA,NA,10080,92.5470306,,21.51,0,7,NA,NA,19.2,NA,NA,NA,NA,NA,NA,NA,NA,NA,NA,NA,NA,NA,NA,10.577,Day 7,NA,NA,NA
186,186,base_dunite,dunite,coarse,1 to 3,0,no,no,NA,12.01.22,NA,NA,NA,0,0,,25.78,0,0,NA,NA,20.1,NA,NA,NA,NA,NA,NA,NA,NA,NA,NA,NA,NA,NA,NA,1.134,Day 0,NA,NA,NA
187,187,base_dunite,dunite,coarse,1 to 3,0,no,no,NA,12.01.22,NA,NA,NA,60,101.6940187,,22.72,0,0.04,NA,NA,20.2,NA,NA,NA,NA,NA,NA,NA,NA,NA,NA,NA,NA,NA,NA,1.134,Day 0,NA,NA,NA
188,188,base_dunite,dunite,coarse,1 to 3,0,no,no,NA,12.01.22,NA,NA,NA,300,122.5943232,,21.29,0,0.21,NA,NA,19.7,NA,NA,NA,NA,NA,NA,NA,NA,NA,NA,NA,NA,NA,NA,1.134,Day 0,NA,NA,NA
189,189,base_dunite,dunite,coarse,1 to 3,0,no,no,NA,13.01.22,NA,NA,NA,1440,155.8118883,,22.13,155.8118883,1,NA,NA,20.4,NA,NA,NA,NA,NA,NA,NA,NA,NA,NA,NA,NA,NA,NA,1.134,Day 1,NA,NA,NA
190,190,base_dunite,dunite,coarse,1 to 3,0,no,no,NA,13.01.22,NA,NA,NA,4320,185.0266174,,25.2,0,3,NA,NA,21.4,NA,NA,NA,NA,NA,NA,NA,NA,NA,NA,NA,NA,NA,NA,1.134,Day 3,NA,NA,NA
191,191,base_dunite,dunite,coarse,1 to 3,0,no,no,NA,14.01.22,NA,NA,NA,5760,216.2648775,,25.6,0,4,NA,NA,19.4,NA,NA,NA,NA,NA,NA,NA,NA,NA,NA,NA,NA,NA,NA,1.134,Day 4,NA,NA,NA
192,192,base_dunite,dunite,coarse,1 to 3,0,no,no,NA,17.01.22,NA,NA,NA,7200,257.8435442,,21.15,0,5,NA,NA,20.7,NA,NA,NA,NA,NA,NA,NA,NA,NA,NA,NA,NA,NA,NA,1.134,Day 5,NA,NA,NA
193,193,base_dunite,dunite,coarse,1 to 3,0,no,no,NA,19.01.22,NA,NA,NA,10080,300.8174682,,24.66,0,7,NA,NA,20,NA,NA,NA,NA,NA,NA,NA,NA,NA,NA,NA,NA,NA,NA,1.134,Day 7,NA,NA,NA
194,194,rpm_slow,dunite,coarse,1 to 3,30,yes,no,NA,12.12.22,13:00,NA,NA,0,0,,22.94,,0,0.8,6.4,15,563,NA,NA,NA,NA,NA,NA,NA,NA,NA,NA,NA,NA,NA,1.134,Day 0,NA,NA,NA
195,195,rpm_slow,dunite,coarse,1 to 3,30,yes,no,NA,12.12.22,13:30,NA,NA,30,570.3225806,,24.27,,0.02,58.7,9.442,15.3,563,NA,NA,NA,NA,NA,NA,NA,NA,NA,NA,NA,NA,NA,1.134,Day 0,NA,NA,NA
196,196,rpm_slow,dunite,coarse,1 to 3,30,yes,no,NA,12.12.22,14:00,NA,NA,60,817.7419355,,25.68,,0.04,74,9.582,14.4,563,NA,NA,NA,NA,NA,NA,NA,NA,NA,NA,NA,NA,NA,1.134,Day 0,NA,NA,NA
197,197,rpm_slow,dunite,coarse,1 to 3,30,yes,no,DB01,12.12.22,16:00,NA,NA,180,1137.5,,21.07,,0.13,136.8,9.58,15,563,NA,NA,NA,NA,NA,NA,NA,NA,NA,NA,NA,NA,NA,1.134,Day 0,NA,NA,NA
198,198,rpm_slow,dunite,coarse,1 to 3,30,yes,no,NA,12.12.22,17:00,NA,NA,240,1410.601703,,25.06,,0.17,123.6,9.625,14.6,563,NA,NA,NA,NA,NA,NA,NA,NA,NA,NA,NA,NA,NA,1.134,Day 0,NA,NA,NA
199,199,rpm_slow,dunite,coarse,1 to 3,30,yes,no,DB02,12.12.22,18:00,NA,NA,300,1901.25,,24.5,,0.21,156.3,9.585,14.6,563,NA,NA,NA,NA,NA,NA,NA,NA,NA,NA,NA,NA,NA,1.134,Day 0,NA,NA,NA
200,200,rpm_slow,dunite,coarse,1 to 3,30,yes,no,DB03,13.12.22,13:00,NA,NA,1440,5170.957995,,19.47,5170.957995,1,407,9.359,14.4,633,NA,NA,NA,NA,NA,NA,NA,NA,NA,NA,NA,NA,NA,1.134,Day 1,NA,NA,NA
201,201,rpm_slow,dunite,coarse,1 to 3,30,yes,no,NA,13.12.22,14:00,NA,NA,1500,3223.61194,,19.32,,1.04,258,9.336,14.2,633,NA,NA,NA,NA,NA,NA,NA,NA,NA,NA,NA,NA,NA,1.134,Day 1,NA,NA,NA
202,202,rpm_slow,dunite,coarse,1 to 3,30,yes,no,NA,13.12.22,15:00,NA,NA,1560,3549.828431,,25.33,,1.08,301,9.377,14.1,633,NA,NA,NA,NA,NA,NA,NA,NA,NA,NA,NA,NA,NA,1.134,Day 1,NA,NA,NA
203,203,rpm_slow,dunite,coarse,1 to 3,30,yes,no,DB04,14.12.22,13:00,NA,NA,2880,7581.308411,,16.33,,2,568,9.297,19.9,560,NA,NA,NA,NA,NA,NA,NA,NA,NA,NA,NA,NA,NA,1.134,Day 2,NA,NA,NA
204,204,rpm_slow,dunite,coarse,1 to 3,30,yes,no,NA,14.12.22,14:00,NA,NA,2940,4864.767616,,19.4,,2.04,371,9.37,13.2,560,NA,NA,NA,NA,NA,NA,NA,NA,NA,NA,NA,NA,NA,1.134,Day 2,NA,NA,NA
205,205,rpm_slow,dunite,coarse,1 to 3,30,yes,no,DB05,15.12.22,13:00,NA,NA,4320,8527.522936,,17.34,,3,613,9.248,13.6,562,NA,NA,NA,NA,NA,NA,NA,NA,NA,NA,NA,NA,NA,1.134,Day 3,NA,NA,NA
206,206,rpm_slow,dunite,coarse,1 to 3,30,yes,no,NA,15.12.22,14:00,NA,NA,4380,5628.434783,,15.11,,3.04,442,9.35,13.2,562,NA,NA,NA,NA,NA,NA,NA,NA,NA,NA,NA,NA,NA,1.134,Day 3,NA,NA,NA
207,207,rpm_slow,dunite,coarse,1 to 3,30,yes,no,DB06,16.12.22,14:00,NA,NA,5820,9366.745283,,18.94,,4,646,9.245,13.6,564,NA,NA,NA,NA,NA,NA,NA,NA,NA,NA,NA,NA,NA,1.134,Day 4,NA,NA,NA
208,208,rpm_high,dunite,coarse,1 to 3,90,yes,no,NA,12.12.22,13:00,NA,NA,0,0,,20.09,,0,0.8,6.4,15,563,NA,NA,NA,NA,NA,NA,NA,NA,NA,NA,NA,NA,NA,1.134,Day 0,NA,NA,NA
209,209,rpm_high,dunite,coarse,1 to 3,90,yes,no,NA,12.12.22,13:30,NA,NA,30,1307.386364,,18.74,,0.02,118,9.559,14.8,563,NA,NA,NA,NA,NA,NA,NA,NA,NA,NA,NA,NA,NA,1.134,Day 0,NA,NA,NA
210,210,rpm_high,dunite,coarse,1 to 3,90,yes,no,NA,12.12.22,14:00,NA,NA,60,1799.107143,,18.5,,0.04,183.2,9.482,14.5,563,NA,NA,NA,NA,NA,NA,NA,NA,NA,NA,NA,NA,NA,1.134,Day 0,NA,NA,NA
211,211,rpm_high,dunite,coarse,1 to 3,90,yes,no,DC01,12.12.22,16:00,NA,NA,180,4277.8125,,18.03,,0.13,361,9.296,14.5,563,NA,NA,NA,NA,NA,NA,NA,NA,NA,NA,NA,NA,NA,1.134,Day 0,NA,NA,NA
212,212,rpm_high,dunite,coarse,1 to 3,90,yes,no,NA,12.12.22,17:00,NA,NA,240,4866.836124,,18.43,,0.17,388,9.258,14.4,563,NA,NA,NA,NA,NA,NA,NA,NA,NA,NA,NA,NA,NA,1.134,Day 0,NA,NA,NA
213,213,rpm_high,dunite,coarse,1 to 3,90,yes,no,DC02,12.12.22,18:00,NA,NA,300,5959.859155,,15.35,,0.21,466,9.213,14.3,563,NA,NA,NA,NA,NA,NA,NA,NA,NA,NA,NA,NA,NA,1.134,Day 0,NA,NA,NA
214,214,rpm_high,dunite,coarse,1 to 3,90,yes,no,DC03,13.12.22,13:00,NA,NA,1440,21571.97305,,11.73,21571.97305,1,1227,9.272,13.9,633,NA,NA,NA,NA,NA,NA,NA,NA,NA,NA,NA,NA,NA,1.134,Day 1,NA,NA,NA
215,215,rpm_high,dunite,coarse,1 to 3,90,yes,no,NA,13.12.22,14:00,NA,NA,1500,16099.41375,,12.56,,1.04,876,9.335,14,633,NA,NA,NA,NA,NA,NA,NA,NA,NA,NA,NA,NA,NA,1.134,Day 1,NA,NA,NA
216,216,rpm_high,dunite,coarse,1 to 3,90,yes,no,NA,13.12.22,15:00,NA,NA,1560,16692.79306,,10.63,,1.08,869,9.331,13.1,633,NA,NA,NA,NA,NA,NA,NA,NA,NA,NA,NA,NA,NA,1.134,Day 1,NA,NA,NA
217,217,rpm_high,dunite,coarse,1 to 3,90,yes,no,DC04,14.12.22,13:00,NA,NA,2880,33700.58824,,11.38,,2,1547,9.361,13.4,560,NA,NA,NA,NA,NA,NA,NA,NA,NA,NA,NA,NA,NA,1.134,Day 2,NA,NA,NA
218,218,rpm_high,dunite,coarse,1 to 3,90,yes,no,NA,14.12.22,14:00,NA,NA,2940,17287.2802,,14.63,,2.04,838,9.496,13.5,560,NA,NA,NA,NA,NA,NA,NA,NA,NA,NA,NA,NA,NA,1.134,Day 2,NA,NA,NA
219,219,rpm_high,dunite,coarse,1 to 3,90,yes,no,DC05,15.12.22,13:00,NA,NA,4320,34149.77459,,10.06,,3,1560,9.3,13.8,562,NA,NA,NA,NA,NA,NA,NA,NA,NA,NA,NA,NA,NA,1.134,Day 3,NA,NA,NA
220,220,rpm_high,dunite,coarse,1 to 3,90,yes,no,NA,15.12.22,14:00,NA,NA,4380,23898.85653,,12.61,,3.04,1092,9.379,13.5,562,NA,NA,NA,NA,NA,NA,NA,NA,NA,NA,NA,NA,NA,1.134,Day 3,NA,NA,NA
221,221,rpm_high,dunite,coarse,1 to 3,90,yes,no,DB06,16.12.22,14:00,NA,NA,5820,38472.07317,,11.94,,4,1690,9.312,13.4,564,NA,NA,NA,NA,NA,NA,NA,NA,NA,NA,NA,NA,NA,1.134,Day 4,NA,NA,NA
222,222,rpm_medium,dunite,coarse,1 to 3,50,yes,no,Dc 1-3,24.01.22,11:55,0,0,0,0,,20.74,,0,1.1,6.609,18,NA,0,0,0,0,0,0,0,0,0,0,0,0,0,1.134,Day 0,0,0,NA
223,223,rpm_medium,dunite,coarse,1 to 3,50,yes,no,NA,24.01.22,NA,NA,NA,30,389.3,,22.25,,0.02,60.9,9.317,19,NA,NA,NA,NA,NA,NA,NA,NA,NA,NA,NA,NA,NA,NA,1.134,Day 0,NA,NA,NA
224,224,rpm_medium,dunite,coarse,1 to 3,50,yes,no,Dc 1-3 1,24.01.22,12:58,60,0.04,60,819.8,,24.85,,0.04,87.4,9.3,18.4,NA,94.9,176.2,0,84.1,19.7,315.6,0,46.1,0,0,8.9,0,5.5,1.134,Day 0,930.9,885.8,2.48252325645401
225,225,rpm_medium,dunite,coarse,1 to 3,50,yes,no,Dc 1-3 2,24.01.22,14:02,120,0.08,120,1318.9,,18.8,,0.08,130.3,9.145,19,NA,160.7,215.1,0,112.8,22.6,529.7,0,47.4,0,0,9.7,0,7.5,1.134,Day 0,1432.5,1391,1.46980697715602
226,226,rpm_medium,dunite,coarse,1 to 3,50,yes,no,Dc 1-3 3,24.01.22,15:14,180,0.13,180,1883.6,,20.41,,0.13,179.6,9.082,18.8,NA,223.5,248.6,0,143.4,23.2,779.1,0,48.1,0,0,10.2,0,9.5,1.134,Day 0,1996.6,1960.9,0.902084649399881
227,227,rpm_medium,dunite,coarse,1 to 3,50,yes,no,Dc 1-3 4,24.01.22,16:18,240,0.17,240,2345.5,,25.01,,0.17,215.5,9.055,18.8,NA,271.4,270.6,0,162.8,25.4,985.3,0,48.7,0,0,10.5,0,9.7,1.134,Day 0,2454.8,2424.1,0.629240197585527
228,228,rpm_medium,dunite,coarse,1 to 3,50,yes,no,Dc 1-3 5,25.01.22,09:30,1272,0.88,1440,8302.2,,15.64,8302.2,1,650.5,9.274,19,NA,552.7,446.2,0,394.9,36.2,3732.8,0,54.9,0,0,13.1,0,33.3,1.134,Day 1,8379.1,8436.8,-0.343127635154828
229,229,rpm_medium,dunite,coarse,1 to 3,50,yes,no,NA,NA,NA,NA,NA,1500,5079.3,,25.99,,1.04,447,9.267,19.9,NA,NA,NA,NA,NA,NA,NA,NA,NA,NA,NA,NA,NA,NA,1.134,Day 1,NA,NA,NA
230,230,rpm_medium,dunite,coarse,1 to 3,50,yes,no,NA,NA,NA,NA,NA,1560,5454.8,,15.74,,1.08,473,9.246,19.7,NA,NA,NA,NA,NA,NA,NA,NA,NA,NA,NA,NA,NA,NA,1.134,Day 1,NA,NA,NA
231,231,rpm_medium,dunite,coarse,1 to 3,50,yes,no,Dc 1-3 8,26.01.22,09:30,2710,1.88,2880,12727.4,,10.98,,2,915.5,9.319,20.2,NA,594.9,444.4,0,494.3,44.9,5873.9,0,51.8,0,0,10.6,0,44.3,1.134,Day 2,12776.3,12878.4,-0.397977758461414
232,232,rpm_medium,dunite,coarse,1 to 3,50,yes,no,NA,NA,NA,NA,NA,2940,6032.6,,19.46,,2.04,573,9.375,19.4,NA,NA,NA,NA,NA,NA,NA,NA,NA,NA,NA,NA,NA,NA,1.134,Day 2,NA,NA,NA
233,233,rpm_medium,dunite,coarse,1 to 3,50,yes,no,Dc 1-3 10,27.01.22,09:22,4119,2.86,4320,13784.8,,11.78,,3,968,9.284,18.7,NA,603.5,345.2,0,444.9,40.9,6498.3,0,48.5,0,0,7.4,0,42,1.134,Day 3,13868.5,13924.7,-0.202207734265932
234,234,rpm_medium,dunite,coarse,1 to 3,50,yes,no,NA,NA,NA,NA,NA,4380,7751.8,,16.59,,3.04,603,9.312,18.7,NA,NA,NA,NA,NA,NA,NA,NA,NA,NA,NA,NA,NA,NA,1.134,Day 3,NA,NA,NA
235,235,rpm_medium,dunite,coarse,1 to 3,50,yes,no,Dc 1-3 12,28.01.22,09:26,5538,3.85,5760,14322.9,,10.02,,4,982,9.321,18.3,NA,597,253,0,369.4,39.4,6817.9,0,41.2,0,0,4.7,0,39,1.134,Day 4,14337,14446.8,-0.381464573822779
236,236,rpm_medium,dunite,coarse,1 to 3,50,yes,no,NA,NA,NA,NA,NA,5820,13473.7,,10.78,,4.04,961,9.302,18,NA,NA,NA,NA,NA,NA,NA,NA,NA,NA,NA,NA,NA,NA,1.134,Day 4,NA,NA,NA
237,237,rpm_medium,dunite,coarse,1 to 3,50,yes,no,Dc 1-3 14,31.01.22,09:23,9847,6.84,10080,28836.5,,12,,7,1681.5,9.431,17,NA,552.3,284.5,0,473.4,0,12547.3,0,30.9,0,0,3.6,0,71,1.134,Day 7,25852.5,29013,-5.76045055636055